{"cameraMode":{"drawMode":0,"name":"Shaded","section":"Shading Mode"},"sceneLighting":false,"audioPlay":false,"sceneViewState":{"m_AlwaysRefresh":false,"showFog":true,"showSkybox":false,"showFlares":true,"showImageEffects":true,"showParticleSystems":true,"showVisualEffectGraphs":true,"m_FxEnabled":false},"in2DMode":false,"pivot":{"x":2562.4189453125,"y":720.8350219726563,"z":0.00998073909431696},"rotation":{"x":0.2011485993862152,"y":0.3153732120990753,"z":-0.07073283940553665,"w":0.9249769449234009},"size":0.0005868524312973023,"orthographic":false}