{"cameraMode":{"drawMode":0,"name":"Shaded","section":"Shading Mode"},"sceneLighting":false,"audioPlay":false,"sceneViewState":{"m_AlwaysRefresh":false,"showFog":true,"showSkybox":false,"showFlares":true,"showImageEffects":true,"showParticleSystems":true,"showVisualEffectGraphs":true,"m_FxEnabled":false},"in2DMode":false,"pivot":{"x":1280.747314453125,"y":721.798583984375,"z":0.010732535272836686},"rotation":{"x":0.31561318039894106,"y":0.6283072829246521,"z":-0.30947384238243105,"w":0.640334963798523},"size":0.0017169903730973602,"orthographic":false}