{"cameraMode":{"drawMode":0,"name":"Shaded","section":"Shading Mode"},"sceneLighting":false,"audioPlay":false,"sceneViewState":{"m_AlwaysRefresh":false,"showFog":true,"showSkybox":false,"showFlares":true,"showImageEffects":true,"showParticleSystems":true,"showVisualEffectGraphs":true,"m_FxEnabled":false},"in2DMode":false,"pivot":{"x":0.44467610120773318,"y":-0.1581667959690094,"z":0.09958038479089737},"rotation":{"x":0.025333542376756669,"y":0.9234068989753723,"z":-0.06609470397233963,"w":0.37788164615631106},"size":0.07071243971586228,"orthographic":false}