{"cameraMode":{"drawMode":0,"name":"Shaded","section":"Shading Mode"},"sceneLighting":false,"audioPlay":false,"sceneViewState":{"m_AlwaysRefresh":false,"showFog":true,"showSkybox":false,"showFlares":true,"showImageEffects":true,"showParticleSystems":true,"showVisualEffectGraphs":true,"m_FxEnabled":false},"in2DMode":false,"pivot":{"x":1281.1846923828125,"y":720.8472290039063,"z":0.008882679045200348},"rotation":{"x":0.2394353151321411,"y":0.42730849981307986,"z":-0.11826911568641663,"w":0.863861083984375},"size":0.052202753722667697,"orthographic":false}