{"cameraMode":{"drawMode":0,"name":"Shaded","section":"Shading Mode"},"sceneLighting":true,"audioPlay":false,"sceneViewState":{"m_AlwaysRefresh":false,"showFog":true,"showSkybox":true,"showFlares":true,"showImageEffects":true,"showParticleSystems":true,"showVisualEffectGraphs":true,"m_FxEnabled":false},"in2DMode":false,"pivot":{"x":0.13588905334472657,"y":0.18525069952011109,"z":1.5509004592895508},"rotation":{"x":0.1436139941215515,"y":0.23403969407081605,"z":-0.03703524172306061,"w":0.9611201882362366},"size":1.4449880123138428,"orthographic":false}