{"cameraMode":{"drawMode":0,"name":"Shaded","section":"Shading Mode"},"sceneLighting":false,"audioPlay":false,"sceneViewState":{"m_AlwaysRefresh":false,"showFog":true,"showSkybox":false,"showFlares":true,"showImageEffects":true,"showParticleSystems":true,"showVisualEffectGraphs":true,"m_FxEnabled":false},"in2DMode":false,"pivot":{"x":-0.08177255094051361,"y":0.06895259767770767,"z":-0.3359779417514801},"rotation":{"x":0.1590319126844406,"y":0.6666889786720276,"z":-0.14848335087299348,"w":0.7129882574081421},"size":0.06291656941175461,"orthographic":false}