{"cameraMode":{"drawMode":0,"name":"Shaded","section":"Shading Mode"},"sceneLighting":false,"audioPlay":false,"sceneViewState":{"m_AlwaysRefresh":false,"showFog":true,"showSkybox":false,"showFlares":true,"showImageEffects":true,"showParticleSystems":true,"showVisualEffectGraphs":true,"m_FxEnabled":false},"in2DMode":false,"pivot":{"x":0.16970813274383546,"y":-0.06323838233947754,"z":-0.19017991423606873},"rotation":{"x":-0.0034299171529710294,"y":-0.9919639229774475,"z":0.03313738852739334,"w":-0.12349547445774079},"size":0.28487423062324526,"orthographic":false}